{
  "before_cutoff": {
    "questions": 280,
    "binary_points": 674,
    "binary_max_points": 1400,
    "binary_pp": 48.142857142857146,
    "rouge_l_pp": 49.424479582042615,
    "bleu_pp": 24.32226375017011
  },
  "after_cutoff": {
    "questions": 353,
    "binary_points": 757,
    "binary_max_points": 1765,
    "binary_pp": 42.889518413597735,
    "rouge_l_pp": 44.20860191115148,
    "bleu_pp": 21.281027703074102
  },
  "overall": {
    "questions": 633,
    "binary_points": 1431,
    "binary_max_points": 3165,
    "binary_pp": 45.21327014218009,
    "rouge_l_pp": 46.51578318737505,
    "bleu_pp": 22.62628219468055
  }
}