{
  "before_cutoff": {
    "questions": 200,
    "binary_points": 400,
    "binary_max_points": 1000,
    "binary_pp": 40.0,
    "rouge_l_pp": 41.770037740037765,
    "bleu_pp": 17.96106112645247
  },
  "after_cutoff": {
    "questions": 200,
    "binary_points": 377,
    "binary_max_points": 1000,
    "binary_pp": 37.7,
    "rouge_l_pp": 39.775930735930736,
    "bleu_pp": 17.67693994014418
  },
  "overall": {
    "questions": 400,
    "binary_points": 777,
    "binary_max_points": 2000,
    "binary_pp": 38.85,
    "rouge_l_pp": 40.77298423798428,
    "bleu_pp": 17.81900053329833
  }
}